{
  "project_info": {
    "project_number": "19762704360",
    "firebase_url": "https://honda-af491.firebaseio.com",
    "project_id": "honda-af491",
    "storage_bucket": "honda-af491.appspot.com"
  },
  "client": [
    {
      "client_info": {
        "mobilesdk_app_id": "1:19762704360:android:c42476f75817f0dda2fe5d",
        "android_client_info": {
          "package_name": "com.comesup.id.honda"
        }
      },
      "oauth_client": [
        {
          "client_id": "19762704360-94tkh8q1ee45cnf15gqcis07nhaqs7cs.apps.googleusercontent.com",
          "client_type": 3
        }
      ],
      "api_key": [
        {
          "current_key": "AIzaSyCqSp2fgMCrCcM6yLONr6Xh-mD2fLwXYO8"
        }
      ],
      "services": {
        "appinvite_service": {
          "other_platform_oauth_client": [
            {
              "client_id": "19762704360-94tkh8q1ee45cnf15gqcis07nhaqs7cs.apps.googleusercontent.com",
              "client_type": 3
            }
          ]
        }
      }
    }
  ],
  "configuration_version": "1"
}